{
  "mean": [
    0.18663085997104645,
    0.1972043216228485,
    0.17769964039325714,
    0.29313579201698303,
    0.18899767100811005,
    0.2063194364309311,
    0.18215788900852203,
    0.27278754115104675,
    0.18934528529644012,
    0.21620619297027588,
    0.2645321190357208,
    0.21015581488609314,
    0.19345790147781372,
    0.2860211431980133,
    0.1856803447008133,
    0.2107083946466446,
    0.20368924736976624,
    0.2964538633823395,
    0.09975577890872955,
    0.2966288626194,
    0.37245872616767883
  ],
  "std": [
    89.40977478027344,
    91.35999298095703,
    86.1226577758789,
    82.72941589355469,
    96.22962951660156,
    97.71563720703125,
    78.53541564941406,
    80.90377807617188,
    92.54226684570312,
    81.5464859008789,
    76.24851989746094,
    81.0889663696289,
    92.94379425048828,
    79.12306213378906,
    68.9010009765625,
    75.05876159667969,
    84.03919219970703,
    67.68589782714844,
    86.52604675292969,
    94.2488784790039,
    66.03238677978516
  ]
}