{
  "mean": [
    0.28876808285713196,
    0.2338208705186844,
    0.15211589634418488,
    0.3129883110523224,
    0.2914355993270874,
    0.12973877787590027,
    0.28121814131736755,
    0.27752193808555603,
    0.36093074083328247,
    0.23063117265701294,
    0.1268356591463089,
    0.1581331491470337,
    0.22391565144062042,
    0.2956691384315491,
    0.16812388598918915,
    0.18955370783805847,
    0.24851655960083008,
    0.19526781141757965,
    0.09620805829763412,
    0.24611227214336395,
    0.38658371567726135
  ],
  "std": [
    104.81810760498047,
    107.7651138305664,
    99.90446472167969,
    93.6734619140625,
    109.09107971191406,
    112.92976379394531,
    85.95195770263672,
    87.55310821533203,
    105.52812194824219,
    102.96675109863281,
    84.63186645507812,
    91.90430450439453,
    104.76365661621094,
    93.48637390136719,
    86.4086685180664,
    85.13623809814453,
    99.57443237304688,
    77.6723861694336,
    87.9977035522461,
    109.402587890625,
    69.58332824707031
  ]
}