{
  "mean": [
    0.19349735975265503,
    0.248162642121315,
    0.289351224899292,
    0.1707545816898346,
    0.32989826798439026,
    0.19138406217098236,
    0.1297275871038437,
    0.24417150020599365,
    0.26603609323501587,
    0.29334908723831177,
    0.06774811446666718,
    0.15897157788276672,
    0.4085855782032013,
    0.11674939095973969,
    0.13442674279212952,
    0.12735360860824585,
    0.20665518939495087,
    0.13479799032211304,
    0.05189862847328186,
    0.5902262330055237,
    0.22094208002090454
  ],
  "std": [
    105.96601104736328,
    115.34553527832031,
    110.30598449707031,
    103.60799407958984,
    112.4038314819336,
    121.45610046386719,
    93.41523742675781,
    99.34757995605469,
    113.1446533203125,
    110.10352325439453,
    89.87431335449219,
    95.96236419677734,
    110.34358978271484,
    96.32943725585938,
    90.80341339111328,
    89.32073211669922,
    108.85419464111328,
    83.22167205810547,
    108.22166442871094,
    125.70282745361328,
    72.55956268310547
  ]
}