{
  "mean": [
    0.37890201807022095,
    0.3032006323337555,
    0.19919799268245697,
    0.1639036387205124,
    0.23472648859024048,
    0.3775828778743744,
    0.19594179093837738,
    0.2298358827829361,
    0.2482762485742569,
    0.3917021155357361,
    0.1837562918663025,
    0.18556784093379974,
    0.3001897931098938,
    0.27199023962020874,
    0.31682902574539185,
    0.12495753914117813,
    0.3567785620689392,
    0.3089531362056732,
    0.19630420207977295,
    0.17440690100193024,
    0.24046018719673157
  ],
  "std": [
    106.29714965820312,
    113.73626708984375,
    108.2154769897461,
    102.47496795654297,
    112.34300994873047,
    119.49903869628906,
    92.17479705810547,
    98.82453155517578,
    110.78050994873047,
    107.92440032958984,
    88.3149642944336,
    94.53784942626953,
    108.31062316894531,
    94.99794006347656,
    89.64034271240234,
    88.60931396484375,
    106.85610961914062,
    82.9405746459961,
    97.15594482421875,
    116.9569091796875,
    72.4723892211914
  ]
}