{
  "mean": [
    0.3482734262943268,
    0.43358901143074036,
    0.3192824125289917,
    0.2766706943511963,
    0.3655957877635956,
    0.305527925491333,
    0.3530740439891815,
    0.3443084955215454,
    0.308036208152771,
    0.4090767502784729,
    0.25070568919181824,
    0.22536402940750122,
    0.463350385427475,
    0.29202035069465637,
    0.18221266567707062,
    0.2581859230995178,
    0.34485700726509094,
    0.2283027321100235,
    0.0804583728313446,
    0.4521990716457367,
    0.2514004707336426
  ],
  "std": [
    104.40888977050781,
    111.77110290527344,
    106.2279052734375,
    100.31033325195312,
    110.36338806152344,
    115.83588409423828,
    89.12775421142578,
    96.24855041503906,
    109.5627212524414,
    104.84451293945312,
    85.63412475585938,
    91.76251220703125,
    106.91905212402344,
    93.2907485961914,
    88.19082641601562,
    85.88995361328125,
    104.20878601074219,
    81.12786865234375,
    105.91864776611328,
    124.62153625488281,
    71.44914245605469
  ]
}