{
  "mean": [
    0.0700426921248436,
    0.2745373249053955,
    0.20319382846355438,
    0.2901846170425415,
    0.09917822480201721,
    0.09970200061798096,
    0.2679857015609741,
    0.3648829162120819,
    0.11914956569671631,
    0.25720855593681335,
    0.2192949503660202,
    0.19722691178321838,
    0.05217921733856201,
    0.3472091853618622,
    0.16375969350337982,
    0.22348788380622864,
    0.23052935302257538,
    0.32868409156799316,
    0.021015509963035583,
    0.3500867784023285,
    0.3064820170402527
  ],
  "std": [
    82.5389633178711,
    80.91455078125,
    74.18022155761719,
    70.2392349243164,
    88.15979766845703,
    88.4728775024414,
    72.64069366455078,
    69.24922180175781,
    86.79810333251953,
    76.26358032226562,
    65.57372283935547,
    70.75308990478516,
    85.84225463867188,
    72.41558837890625,
    65.62480926513672,
    66.46855163574219,
    76.7623519897461,
    63.44158935546875,
    86.08390045166016,
    97.79930114746094,
    59.857078552246094
  ]
}