{
  "mean": [
    0.21817679703235626,
    0.3779035210609436,
    0.24102945625782013,
    0.20789296925067902,
    0.2832913398742676,
    0.30355703830718994,
    0.2437056601047516,
    0.20496244728565216,
    0.25784069299697876,
    0.2650730311870575,
    0.2447618991136551,
    0.2514289915561676,
    0.23640072345733643,
    0.3831961750984192,
    0.1806422621011734,
    0.22434698045253754,
    0.2280699759721756,
    0.25530651211738586,
    0.00602135481312871,
    0.3638811707496643,
    0.37596753239631653
  ],
  "std": [
    102.4818344116211,
    112.00179290771484,
    107.23178100585938,
    98.8210220336914,
    108.4620590209961,
    118.33538055419922,
    89.7814712524414,
    95.32675170898438,
    107.21387481689453,
    107.36463165283203,
    83.82499694824219,
    87.9053726196289,
    105.7435531616211,
    93.02808380126953,
    86.59439086914062,
    84.05547332763672,
    106.2446517944336,
    80.83110046386719,
    105.72785949707031,
    124.79436492919922,
    70.55522918701172
  ]
}