{
  "mean": [
    0.3438502252101898,
    0.3235970139503479,
    0.25708848237991333,
    0.15821920335292816,
    0.22887594997882843,
    0.3336747884750366,
    0.21098361909389496,
    0.30191701650619507,
    0.13179901242256165,
    0.36148932576179504,
    0.11562135815620422,
    0.2776498794555664,
    0.25047120451927185,
    0.3588244616985321,
    0.20198707282543182,
    0.07522863149642944,
    0.2803123891353607,
    0.15581408143043518,
    0.034202463924884796,
    0.3392035663127899,
    0.43780043721199036
  ],
  "std": [
    106.2315444946289,
    114.39282989501953,
    109.0386962890625,
    101.251708984375,
    111.48709869384766,
    122.51579284667969,
    93.55579376220703,
    98.89508056640625,
    111.58631896972656,
    110.51123046875,
    87.00493621826172,
    91.260986328125,
    110.1104736328125,
    95.9570541381836,
    89.66178894042969,
    86.56582641601562,
    109.90023803710938,
    83.77921295166016,
    107.79652404785156,
    128.37440490722656,
    73.01024627685547
  ]
}