{
  "mean": [
    0.05629226937890053,
    0.3738727867603302,
    0.18189923465251923,
    0.21062640845775604,
    0.1186174601316452,
    0.2535237669944763,
    0.19909238815307617,
    0.24605707824230194,
    0.07254786789417267,
    0.24428899586200714,
    0.12907938659191132,
    0.1483001708984375,
    0.1424591988325119,
    0.21854367852210999,
    0.09751696139574051,
    0.1306529939174652,
    0.18920783698558807,
    0.21507658064365387,
    -0.1458497792482376,
    0.5292953848838806,
    0.3756297826766968
  ],
  "std": [
    88.48229217529297,
    88.24329376220703,
    83.40996551513672,
    79.71458435058594,
    94.33169555664062,
    92.60366821289062,
    73.66387939453125,
    77.94567108154297,
    91.25381469726562,
    78.8120346069336,
    72.17931365966797,
    77.7286605834961,
    91.41051483154297,
    76.80975341796875,
    67.65416717529297,
    71.84888458251953,
    81.12486267089844,
    65.82577514648438,
    95.7929916381836,
    104.47339630126953,
    64.16519927978516
  ]
}