{
  "mean": [
    0.3207445442676544,
    0.2081717550754547,
    0.28744202852249146,
    0.27076512575149536,
    0.2513466477394104,
    0.24466724693775177,
    0.3402920663356781,
    0.23859941959381104,
    0.40629932284355164,
    0.25390952825546265,
    0.2446376085281372,
    0.2537190020084381,
    0.4370432198047638,
    0.3312361240386963,
    0.13969074189662933,
    0.25318747758865356,
    0.27013060450553894,
    0.27994799613952637,
    0.1897088587284088,
    0.35762855410575867,
    0.33386969566345215
  ],
  "std": [
    103.64370727539062,
    114.58252716064453,
    109.51295471191406,
    103.41824340820312,
    110.47303009033203,
    119.99666595458984,
    92.90806579589844,
    99.52107238769531,
    110.95829010009766,
    108.95841979980469,
    88.08894348144531,
    94.91690826416016,
    107.69200897216797,
    95.80814361572266,
    91.78565979003906,
    89.45529174804688,
    108.28966522216797,
    84.03746032714844,
    107.31968688964844,
    125.55142211914062,
    72.2840805053711
  ]
}