{
  "mean": [
    0.3414253890514374,
    0.3471428453922272,
    0.22496820986270905,
    0.19926530122756958,
    0.32395729422569275,
    0.26922929286956787,
    0.2778489291667938,
    0.2351325899362564,
    0.2879142165184021,
    0.2848815619945526,
    0.2832546532154083,
    0.1959814876317978,
    0.2996927499771118,
    0.37969279289245605,
    0.12869460880756378,
    0.2501865327358246,
    0.2536935806274414,
    0.30211949348449707,
    0.2735521197319031,
    0.13829642534255981,
    0.3588095009326935
  ],
  "std": [
    105.33863830566406,
    113.86871337890625,
    105.87638854980469,
    101.18250274658203,
    109.45108795166016,
    119.68406677246094,
    89.02216339111328,
    95.6294174194336,
    109.2190170288086,
    107.22721862792969,
    83.89738464355469,
    88.12773895263672,
    106.37598419189453,
    90.94674682617188,
    85.89551544189453,
    83.1758041381836,
    107.1965103149414,
    81.56829833984375,
    104.80339050292969,
    124.22926330566406,
    70.02915954589844
  ]
}