{
  "mean": [
    0.13110356032848358,
    0.36591893434524536,
    0.29458194971084595,
    0.27778053283691406,
    0.2937302589416504,
    0.19617556035518646,
    0.2290707528591156,
    0.34297946095466614,
    0.2584049701690674,
    0.31787171959877014,
    0.2139003872871399,
    0.21654526889324188,
    0.3193410634994507,
    0.22990858554840088,
    0.2368215024471283,
    0.21936030685901642,
    0.19584135711193085,
    0.23676817119121552,
    0.0036181630566716194,
    0.5578793287277222,
    0.24566897749900818
  ],
  "std": [
    86.09796142578125,
    86.00749969482422,
    82.17693328857422,
    76.4017105102539,
    93.68460845947266,
    90.49154663085938,
    74.03836059570312,
    75.15115356445312,
    90.25294494628906,
    77.33019256591797,
    69.99764251708984,
    75.11846160888672,
    90.01575469970703,
    75.21338653564453,
    64.47897338867188,
    69.33885955810547,
    79.77227020263672,
    63.89225387573242,
    97.39842987060547,
    104.14412689208984,
    64.17851257324219
  ]
}