{
  "mean": [
    0.22070831060409546,
    0.2945687472820282,
    0.3293495178222656,
    0.2518690824508667,
    0.34037551283836365,
    0.18504352867603302,
    0.19948343932628632,
    0.35949641466140747,
    0.24492935836315155,
    0.2410908192396164,
    0.2297283411026001,
    0.23647555708885193,
    0.3615734577178955,
    0.19250525534152985,
    0.2026098370552063,
    0.1984318494796753,
    0.16033199429512024,
    0.1825290024280548,
    -0.028166554868221283,
    0.5985863208770752,
    0.3005053997039795
  ],
  "std": [
    101.09290313720703,
    108.78602600097656,
    103.73188018798828,
    95.66099548339844,
    106.9216537475586,
    118.2628402709961,
    91.09821319580078,
    94.36727905273438,
    108.35708618164062,
    106.31987762451172,
    81.7531509399414,
    85.06413269042969,
    105.6530532836914,
    90.9295425415039,
    85.7723617553711,
    82.42357635498047,
    106.43196868896484,
    80.73992919921875,
    104.04451751708984,
    124.58026123046875,
    69.08201599121094
  ]
}