{
  "mean": [
    0.37571391463279724,
    0.21084214746952057,
    0.2260284721851349,
    0.26181015372276306,
    0.31782230734825134,
    0.3561423122882843,
    0.11395884305238724,
    0.2755623757839203,
    0.3217145502567291,
    0.21762898564338684,
    0.10939943790435791,
    0.2737261652946472,
    0.19773027300834656,
    0.2617054879665375,
    0.2545207142829895,
    0.20373432338237762,
    0.28441810607910156,
    0.2698172926902771,
    0.1404622495174408,
    0.2158004343509674,
    0.3320576846599579
  ],
  "std": [
    90.18869018554688,
    91.96782684326172,
    87.85572814941406,
    83.55648040771484,
    97.84481811523438,
    98.35122680664062,
    79.55597686767578,
    81.42401123046875,
    95.16032409667969,
    81.476318359375,
    76.86927032470703,
    82.10693359375,
    95.7548599243164,
    80.57221221923828,
    70.09335327148438,
    75.34111785888672,
    84.02032470703125,
    67.73487854003906,
    101.83454895019531,
    108.81900787353516,
    67.10445404052734
  ]
}