{
  "mean": [
    0.22883698344230652,
    0.26250505447387695,
    0.15841151773929596,
    0.21330446004867554,
    0.23838016390800476,
    0.17388693988323212,
    0.2144436538219452,
    0.23073729872703552,
    0.1840609759092331,
    0.22450704872608185,
    0.17667074501514435,
    0.1720409393310547,
    0.21216653287410736,
    0.2206825613975525,
    0.1982845664024353,
    0.12425955384969711,
    0.2501433789730072,
    0.3378307521343231,
    0.005007779225707054,
    0.3055056929588318,
    0.30633094906806946
  ],
  "std": [
    92.51614379882812,
    89.95402526855469,
    84.84827423095703,
    79.53215789794922,
    95.35336303710938,
    95.62091827392578,
    77.79493713378906,
    74.68856811523438,
    91.5091781616211,
    79.23692321777344,
    70.69486999511719,
    76.82855987548828,
    94.27606201171875,
    78.59734344482422,
    68.65644073486328,
    70.03775787353516,
    78.21340942382812,
    62.87099838256836,
    93.8633041381836,
    106.25084686279297,
    64.91055297851562
  ]
}