{
  "mean": [
    0.2534853518009186,
    0.4590776264667511,
    0.15646059811115265,
    0.02802593819797039,
    0.39069893956184387,
    0.11515245586633682,
    0.2820279598236084,
    0.0997374951839447,
    0.2740190327167511,
    0.21729791164398193,
    0.17268337309360504,
    0.11382940411567688,
    0.1742725670337677,
    0.37753787636756897,
    0.13224107027053833,
    0.09463076293468475,
    0.13777686655521393,
    0.2124696522951126,
    0.09973712265491486,
    0.31148573756217957,
    0.27815884351730347
  ],
  "std": [
    104.48876190185547,
    111.38070678710938,
    105.71031188964844,
    99.32620239257812,
    110.08596801757812,
    116.07532501220703,
    89.75137329101562,
    96.05453491210938,
    110.25785064697266,
    105.5113296508789,
    84.99957275390625,
    92.15703582763672,
    107.5879135131836,
    93.5339584350586,
    88.3732681274414,
    86.53541564941406,
    104.62782287597656,
    80.7066421508789,
    105.6187744140625,
    124.82994079589844,
    71.47564697265625
  ]
}