{
  "mean": [
    2.6574783325195312,
    -0.3377131223678589,
    -0.20914418995380402,
    3.308525800704956,
    1.698533296585083,
    1.6581261157989502,
    -0.31138211488723755,
    2.3437647819519043,
    2.0087852478027344,
    0.6810060143470764,
    -0.5732473134994507,
    2.280836820602417,
    1.7876605987548828,
    1.4352308511734009,
    0.09606414288282394,
    1.0804460048675537,
    1.8630642890930176,
    0.21081961691379547,
    0.8822001814842224,
    1.3378757238388062,
    0.07388021796941757
  ],
  "std": [
    111.96464538574219,
    113.5650405883789,
    108.6493148803711,
    102.72237396240234,
    115.74412536621094,
    131.1208953857422,
    100.98892211914062,
    94.6635971069336,
    117.3814468383789,
    114.2597427368164,
    87.83302307128906,
    97.12683868408203,
    113.11135864257812,
    95.9488296508789,
    89.9402847290039,
    86.10206604003906,
    112.03229522705078,
    80.10842895507812,
    93.27037048339844,
    121.12026977539062,
    72.12940979003906
  ]
}