{
  "mean": [
    0.3688475489616394,
    0.2961079478263855,
    0.2368757724761963,
    0.188570037484169,
    0.3430362343788147,
    0.2983672618865967,
    0.25582829117774963,
    0.1871975064277649,
    0.28752267360687256,
    0.30193892121315,
    0.21572312712669373,
    0.1708642989397049,
    0.21993987262248993,
    0.40173593163490295,
    0.1752743422985077,
    0.18134814500808716,
    0.38765010237693787,
    0.2679482102394104,
    0.09194465726613998,
    0.2258041501045227,
    0.3660345673561096
  ],
  "std": [
    103.98458862304688,
    111.47269439697266,
    105.89582824707031,
    99.5869369506836,
    109.56608581542969,
    115.54396057128906,
    88.67485809326172,
    95.19184112548828,
    108.47571563720703,
    104.06543731689453,
    84.64967346191406,
    91.27164459228516,
    105.95354461669922,
    92.5373306274414,
    87.72544860839844,
    85.87266540527344,
    103.77703857421875,
    80.23667907714844,
    104.0788803100586,
    122.79364776611328,
    70.49024200439453
  ]
}