{
  "mean": [
    0.2869986593723297,
    0.348998099565506,
    0.18795113265514374,
    0.19040518999099731,
    0.2862117886543274,
    0.21395067870616913,
    0.259546160697937,
    0.24928545951843262,
    0.2780115604400635,
    0.21421317756175995,
    0.18577992916107178,
    0.20396040380001068,
    0.180271714925766,
    0.3565243184566498,
    0.15478180348873138,
    0.18322789669036865,
    0.2472040206193924,
    0.20591455698013306,
    0.06539475917816162,
    0.3450735807418823,
    0.2915182411670685
  ],
  "std": [
    90.62993621826172,
    88.4605484008789,
    83.1493911743164,
    78.98414611816406,
    94.17945098876953,
    93.96388244628906,
    76.30924987792969,
    75.5643310546875,
    89.20362854003906,
    77.55757904052734,
    72.78863525390625,
    78.87041473388672,
    93.82241821289062,
    78.77776336669922,
    67.68656158447266,
    73.34940338134766,
    79.2953872680664,
    61.02323913574219,
    95.04225158691406,
    101.86288452148438,
    66.84851837158203
  ]
}