{
  "mean": [
    0.2986021041870117,
    0.1895325928926468,
    0.22921183705329895,
    0.3100373446941376,
    0.372909814119339,
    0.1143307164311409,
    0.17338933050632477,
    0.3660508096218109,
    0.25476861000061035,
    0.18737849593162537,
    0.2013852745294571,
    0.257607638835907,
    0.21637843549251556,
    0.28375524282455444,
    0.20839177072048187,
    0.18752504885196686,
    0.18752291798591614,
    0.28566738963127136,
    0.10451240837574005,
    0.2941789925098419,
    0.2770597040653229
  ],
  "std": [
    94.69903564453125,
    96.8443374633789,
    90.87056732177734,
    88.00736236572266,
    101.77934265136719,
    101.73385620117188,
    80.44522857666016,
    85.3419418334961,
    98.30066680908203,
    86.00035858154297,
    77.49730682373047,
    82.89984130859375,
    97.76595306396484,
    82.42398071289062,
    73.2321548461914,
    76.72635650634766,
    88.75480651855469,
    70.71586608886719,
    106.09982299804688,
    114.37604522705078,
    68.76693725585938
  ]
}