{
  "mean": [
    0.3476247191429138,
    0.359718382358551,
    0.26286083459854126,
    0.2429925799369812,
    0.298058420419693,
    0.35914185643196106,
    0.29880645871162415,
    0.24528713524341583,
    0.23005478084087372,
    0.31529107689857483,
    0.24796649813652039,
    0.2237810343503952,
    0.16042128205299377,
    0.45615965127944946,
    0.21097932755947113,
    0.1906174272298813,
    0.32897356152534485,
    0.29714730381965637,
    0.04440654441714287,
    0.3717823922634125,
    0.34243375062942505
  ],
  "std": [
    105.37326049804688,
    109.65392303466797,
    102.08778381347656,
    98.0075912475586,
    109.18689727783203,
    115.38056182861328,
    88.53858184814453,
    91.01233673095703,
    106.50009155273438,
    103.1805419921875,
    83.24842834472656,
    93.18583679199219,
    107.32176971435547,
    94.4255599975586,
    87.57084655761719,
    86.82682800292969,
    101.69318389892578,
    74.47857666015625,
    99.69978332519531,
    119.77587890625,
    72.07837677001953
  ]
}