{
  "mean": [
    0.3157562017440796,
    0.3820973336696625,
    0.23344780504703522,
    0.24927835166454315,
    0.4140603840351105,
    0.2608918249607086,
    0.21368089318275452,
    0.28211510181427,
    0.3425951600074768,
    0.3020769953727722,
    0.21983148157596588,
    0.14214417338371277,
    0.3566705286502838,
    0.30892547965049744,
    0.17249266803264618,
    0.17342615127563477,
    0.2706957161426544,
    0.18816417455673218,
    0.029539357870817184,
    0.42326727509498596,
    0.2884683310985565
  ],
  "std": [
    104.60059356689453,
    112.06907653808594,
    106.7813949584961,
    100.00074005126953,
    110.18395233154297,
    116.5022201538086,
    89.28010559082031,
    95.8257827758789,
    109.22593688964844,
    105.33319091796875,
    85.7599868774414,
    91.70670318603516,
    107.20130157470703,
    93.9893798828125,
    88.50103759765625,
    86.33902740478516,
    104.8270492553711,
    81.12672424316406,
    104.8737564086914,
    123.71009063720703,
    71.66858673095703
  ]
}