{
  "mean": [
    0.29400649666786194,
    0.33546996116638184,
    0.13391555845737457,
    0.27261704206466675,
    0.32211390137672424,
    0.15079447627067566,
    0.3113192021846771,
    0.24109959602355957,
    0.24933737516403198,
    0.22789201140403748,
    0.26675719022750854,
    0.2573220729827881,
    0.2221916764974594,
    0.29915979504585266,
    0.20146983861923218,
    0.27986055612564087,
    0.14819234609603882,
    0.30864739418029785,
    0.020044580101966858,
    0.3546927869319916,
    0.25564196705818176
  ],
  "std": [
    87.47782135009766,
    89.33354949951172,
    84.38265991210938,
    80.8868408203125,
    94.19893646240234,
    95.64994812011719,
    75.85049438476562,
    79.16997528076172,
    90.48189544677734,
    80.3162841796875,
    71.65058135986328,
    75.31748962402344,
    90.91978454589844,
    77.19034576416016,
    67.08368682861328,
    70.42134857177734,
    83.29454803466797,
    65.88607025146484,
    96.77262878417969,
    104.92973327636719,
    64.67618560791016
  ]
}