{
  "mean": [
    0.14611542224884033,
    0.21034090220928192,
    0.2333698570728302,
    0.29385003447532654,
    0.14461858570575714,
    0.19115833938121796,
    0.2864454984664917,
    0.25761932134628296,
    0.15909633040428162,
    0.24690519273281097,
    0.20135115087032318,
    0.08891121298074722,
    0.11689190566539764,
    0.28494393825531006,
    0.1319953203201294,
    0.15910813212394714,
    0.19024251401424408,
    0.2893012464046478,
    0.12115193903446198,
    0.3366234302520752,
    0.3532484471797943
  ],
  "std": [
    88.23617553710938,
    88.9129409790039,
    83.765625,
    79.77519226074219,
    94.46110534667969,
    93.6399917602539,
    75.28717041015625,
    78.18186950683594,
    91.40225219726562,
    79.06636810302734,
    72.57058715820312,
    77.86295318603516,
    91.88980102539062,
    77.5140609741211,
    68.54292297363281,
    71.9808349609375,
    81.63806915283203,
    66.31720733642578,
    96.4595718383789,
    105.17524719238281,
    64.70015716552734
  ]
}