{
  "mean": [
    0.39193204045295715,
    0.26406705379486084,
    0.21536241471767426,
    0.3108711838722229,
    0.3709050714969635,
    0.2556001543998718,
    0.2788539528846741,
    0.26524749398231506,
    0.27279824018478394,
    0.35551440715789795,
    0.07759448140859604,
    0.2867753207683563,
    0.2748318016529083,
    0.3157377243041992,
    0.17922967672348022,
    0.23105259239673615,
    0.2618063986301422,
    0.36210736632347107,
    0.06925885379314423,
    0.4150182604789734,
    0.24325686693191528
  ],
  "std": [
    98.62703704833984,
    104.7954330444336,
    100.65032196044922,
    91.25114440917969,
    106.82038879394531,
    108.33545684814453,
    85.5502700805664,
    89.95433807373047,
    107.77723693847656,
    102.13827514648438,
    80.3838882446289,
    85.24552154541016,
    103.52845764160156,
    89.04051208496094,
    82.07587432861328,
    79.52310943603516,
    101.43414306640625,
    77.65259552001953,
    100.49810028076172,
    118.17462921142578,
    68.8235092163086
  ]
}