{
  "mean": [
    0.32153186202049255,
    0.2743976414203644,
    0.20723086595535278,
    0.22917655110359192,
    0.25241735577583313,
    0.2084115594625473,
    0.2561580538749695,
    0.29984912276268005,
    0.31565985083580017,
    0.22157473862171173,
    0.21924836933612823,
    0.2870357632637024,
    0.255109578371048,
    0.3598819673061371,
    0.2706347405910492,
    0.1624435931444168,
    0.18399514257907867,
    0.220379039645195,
    0.11763647943735123,
    0.22041557729244232,
    0.3623254597187042
  ],
  "std": [
    105.0076675415039,
    110.97337341308594,
    103.05374908447266,
    97.43751525878906,
    109.61576080322266,
    116.0282211303711,
    89.55265045166016,
    90.0124740600586,
    107.49639892578125,
    106.36045837402344,
    85.59324645996094,
    92.68603515625,
    106.94115447998047,
    94.25507354736328,
    88.45747375488281,
    86.51152801513672,
    103.00313568115234,
    80.1729736328125,
    99.85120391845703,
    119.03264617919922,
    71.9097900390625
  ]
}