{
  "mean": [
    0.36047041416168213,
    0.2968599200248718,
    0.29005855321884155,
    0.15227091312408447,
    0.22094208002090454,
    0.4012494385242462,
    0.1859375238418579,
    0.2839437425136566,
    0.24757350981235504,
    0.38724762201309204,
    0.22535184025764465,
    0.18986454606056213,
    0.29796701669692993,
    0.33225923776626587,
    0.279060959815979,
    0.13421685993671417,
    0.35470709204673767,
    0.325888454914093,
    -0.026924660429358482,
    0.4213658571243286,
    0.32417845726013184
  ],
  "std": [
    88.54290008544922,
    89.04052734375,
    83.9078140258789,
    80.57540130615234,
    94.8084945678711,
    94.63880157470703,
    76.35958099365234,
    78.56536865234375,
    90.93428039550781,
    78.11681365966797,
    72.9242172241211,
    78.39989471435547,
    91.42979431152344,
    77.38047790527344,
    67.70201873779297,
    72.50560760498047,
    81.00438690185547,
    65.65939331054688,
    97.42922973632812,
    105.503662109375,
    64.67660522460938
  ]
}