{
  "mean": [
    0.19272767007350922,
    0.42097195982933044,
    0.11623159050941467,
    0.23241138458251953,
    0.20770230889320374,
    0.2519969046115875,
    0.1980334371328354,
    0.30028972029685974,
    0.20371325314044952,
    0.21386830508708954,
    0.13475331664085388,
    0.15661363303661346,
    0.37441182136535645,
    0.13816244900226593,
    0.15243898332118988,
    0.05277112498879433,
    0.19624558091163635,
    0.1827791929244995,
    0.05383322760462761,
    0.3827441930770874,
    0.21688443422317505
  ],
  "std": [
    113.22359466552734,
    123.86958312988281,
    117.88362121582031,
    109.53130340576172,
    119.88103485107422,
    129.2001953125,
    97.70526123046875,
    104.27027130126953,
    119.53579711914062,
    117.60028076171875,
    93.0011215209961,
    100.40673828125,
    116.38135528564453,
    102.17008209228516,
    96.56877136230469,
    94.38240814208984,
    116.58477020263672,
    87.74575805664062,
    115.21734619140625,
    134.63177490234375,
    77.60000610351562
  ]
}