{
  "mean": [
    0.21833741664886475,
    0.29052597284317017,
    0.18326149880886078,
    0.31990599632263184,
    0.21251598000526428,
    0.3228910565376282,
    0.10356923937797546,
    0.36074626445770264,
    0.11912211030721664,
    0.3015696704387665,
    0.189819797873497,
    0.22476625442504883,
    0.17838123440742493,
    0.37018248438835144,
    0.16080251336097717,
    0.1300085186958313,
    0.3203909695148468,
    0.202692449092865,
    -0.02864828333258629,
    0.45170480012893677,
    0.3654289245605469
  ],
  "std": [
    88.46736145019531,
    88.68789672851562,
    84.0082778930664,
    79.93486785888672,
    94.53012084960938,
    93.94776916503906,
    75.97955322265625,
    78.5456314086914,
    90.9954605102539,
    78.68852233886719,
    72.83193969726562,
    78.65835571289062,
    91.2391357421875,
    77.14967346191406,
    67.56484985351562,
    72.63704681396484,
    81.23799896240234,
    65.75054168701172,
    97.2198486328125,
    105.54345703125,
    64.65010833740234
  ]
}