{
  "mean": [
    0.1374916136264801,
    0.3162396550178528,
    0.16866916418075562,
    0.31657013297080994,
    0.11448762565851212,
    0.2648869752883911,
    0.21749214828014374,
    0.3338996469974518,
    0.33150219917297363,
    0.24968506395816803,
    0.18151529133319855,
    0.18581679463386536,
    0.3077211380004883,
    0.2962000072002411,
    0.12695996463298798,
    0.21133890748023987,
    0.27486854791641235,
    0.2762165367603302,
    0.011139406822621822,
    0.39433959126472473,
    0.3203171193599701
  ],
  "std": [
    87.7063217163086,
    85.35133361816406,
    82.055908203125,
    80.3607406616211,
    93.57246398925781,
    80.80968475341797,
    63.040653228759766,
    76.66480255126953,
    87.0689468383789,
    68.09174346923828,
    72.77616119384766,
    79.34515380859375,
    87.92890930175781,
    74.21879577636719,
    65.48201751708984,
    72.5960922241211,
    73.98330688476562,
    63.28751754760742,
    99.80915069580078,
    105.63109588623047,
    64.28711700439453
  ]
}