{
  "mean": [
    0.25221729278564453,
    0.31622108817100525,
    0.21700745820999146,
    0.1526305079460144,
    0.3542134463787079,
    0.20135663449764252,
    0.23158787190914154,
    0.1444341540336609,
    0.3772421181201935,
    0.29147717356681824,
    0.10978398472070694,
    0.1830136626958847,
    0.4254949688911438,
    0.143329918384552,
    0.1955261081457138,
    0.18884344398975372,
    0.265887051820755,
    0.2509136199951172,
    0.09242282807826996,
    0.3605775833129883,
    0.24156777560710907
  ],
  "std": [
    89.49635314941406,
    86.87718200683594,
    82.76318359375,
    78.99817657470703,
    95.824951171875,
    81.43147277832031,
    63.16655349731445,
    77.50480651855469,
    89.47799682617188,
    72.41770935058594,
    74.94659423828125,
    79.85759735107422,
    91.03512573242188,
    78.24774169921875,
    68.43853759765625,
    74.62651824951172,
    76.16445922851562,
    65.60037994384766,
    99.35189819335938,
    105.61071014404297,
    66.63206481933594
  ]
}