{
  "mean": [
    0.3380953073501587,
    0.23837265372276306,
    0.35476553440093994,
    0.08824843168258667,
    0.4515673518180847,
    0.2230268120765686,
    0.16500626504421234,
    0.1738814264535904,
    0.32611963152885437,
    0.27730605006217957,
    0.09717138111591339,
    0.257246196269989,
    0.35143938660621643,
    0.3305193781852722,
    0.12947911024093628,
    0.1462612748146057,
    0.30161991715431213,
    0.12218330800533295,
    0.1440306454896927,
    0.34870898723602295,
    0.3691851794719696
  ],
  "std": [
    109.45101928710938,
    117.34154510498047,
    111.0353012084961,
    103.89474487304688,
    114.9017562866211,
    122.29767608642578,
    93.32350158691406,
    100.55709075927734,
    115.6007080078125,
    110.27616119384766,
    88.80706787109375,
    95.74024963378906,
    112.54971313476562,
    97.71881103515625,
    92.54588317871094,
    89.8740234375,
    109.92510986328125,
    84.6852798461914,
    110.69524383544922,
    131.16136169433594,
    74.16143798828125
  ]
}