{
  "mean": [
    0.3245916962623596,
    0.2579643130302429,
    0.2726030647754669,
    0.2150484174489975,
    0.32476508617401123,
    0.2312660962343216,
    0.2285466194152832,
    0.27786311507225037,
    0.18591605126857758,
    0.26727551221847534,
    0.20559930801391602,
    0.26677408814430237,
    0.26446354389190674,
    0.2897229790687561,
    0.18878081440925598,
    0.17909923195838928,
    0.24863646924495697,
    0.3099414110183716,
    0.1478547751903534,
    0.32998254895210266,
    0.2958084046840668
  ],
  "std": [
    89.41910552978516,
    90.24464416503906,
    84.81568145751953,
    80.89356231689453,
    95.76509094238281,
    97.54827117919922,
    78.07472229003906,
    80.17298126220703,
    92.35234069824219,
    81.31336975097656,
    74.10942840576172,
    78.00416564941406,
    93.20484924316406,
    78.46748352050781,
    67.95858001708984,
    72.38526153564453,
    84.07274627685547,
    67.79460906982422,
    99.74047088623047,
    108.2015380859375,
    65.66484069824219
  ]
}