{
  "mean": [
    0.06640023738145828,
    0.3825874328613281,
    0.25633013248443604,
    0.17013020813465118,
    0.19524413347244263,
    0.1602543443441391,
    0.2531873285770416,
    0.25851473212242126,
    0.14891228079795837,
    0.12408097088336945,
    0.28927791118621826,
    0.2594533860683441,
    0.1920684278011322,
    0.190694198012352,
    0.23097947239875793,
    0.20208880305290222,
    0.14344866573810577,
    0.36512866616249084,
    0.02990594319999218,
    0.4782809317111969,
    0.17487147450447083
  ],
  "std": [
    87.90304565429688,
    87.85311889648438,
    83.32650756835938,
    79.81500244140625,
    94.08973693847656,
    92.99441528320312,
    74.7237319946289,
    77.41924285888672,
    91.61368560791016,
    78.31525421142578,
    72.41500091552734,
    78.20775604248047,
    91.41577911376953,
    77.06170654296875,
    68.14495849609375,
    72.03792572021484,
    80.70441436767578,
    65.79894256591797,
    97.086669921875,
    105.55464172363281,
    63.82315444946289
  ]
}