{
  "mean": [
    0.179783433675766,
    0.3236035704612732,
    0.266221284866333,
    0.21076519787311554,
    0.19993117451667786,
    0.3006992042064667,
    0.23287205398082733,
    0.2434314340353012,
    0.2236994504928589,
    0.22047775983810425,
    0.17139264941215515,
    0.2315046191215515,
    0.2008114755153656,
    0.3283856511116028,
    0.1753576546907425,
    0.13763223588466644,
    0.2831071615219116,
    0.2897932231426239,
    -0.0018456573598086834,
    0.45443278551101685,
    0.3681986629962921
  ],
  "std": [
    89.49154663085938,
    89.67556762695312,
    85.06658935546875,
    82.51752471923828,
    96.12037658691406,
    95.79342651367188,
    77.45403289794922,
    80.50348663330078,
    93.3532943725586,
    80.99556732177734,
    75.48189544677734,
    80.79671478271484,
    92.42935180664062,
    78.79724884033203,
    69.62103271484375,
    73.71289825439453,
    83.3757553100586,
    68.14163208007812,
    88.0114974975586,
    96.71481323242188,
    65.3105239868164
  ]
}