{
  "mean": [
    0.11150787025690079,
    0.2774149775505066,
    0.20779937505722046,
    0.1379089206457138,
    0.09525123238563538,
    0.27942365407943726,
    0.179656982421875,
    0.17528218030929565,
    0.1792214959859848,
    0.22128906846046448,
    0.18298648297786713,
    0.25195059180259705,
    0.25350984930992126,
    0.28070253133773804,
    0.17526742815971375,
    0.12366428971290588,
    0.2153710126876831,
    0.35001277923583984,
    -0.02848503179848194,
    0.5603387355804443,
    0.27480679750442505
  ],
  "std": [
    88.45455932617188,
    88.548583984375,
    83.80359649658203,
    80.27922821044922,
    94.64065551757812,
    93.17608642578125,
    74.8092041015625,
    78.54747772216797,
    91.3100814819336,
    78.58658599853516,
    72.77716827392578,
    78.05716705322266,
    91.2059326171875,
    76.90632629394531,
    67.49169158935547,
    72.34017181396484,
    81.029296875,
    65.96552276611328,
    96.72077941894531,
    105.1461181640625,
    64.65515899658203
  ]
}