{
  "mean": [
    0.2914329767227173,
    0.20812250673770905,
    0.19677293300628662,
    0.1842787116765976,
    0.2074327915906906,
    0.28075122833251953,
    0.18105164170265198,
    0.20691607892513275,
    0.2959294021129608,
    0.2839886248111725,
    0.23358136415481567,
    0.0934424102306366,
    0.33098453283309937,
    0.26740357279777527,
    0.15699966251850128,
    0.14587607979774475,
    0.23123417794704437,
    0.24523192644119263,
    0.13286224007606506,
    0.2880026400089264,
    0.3141404092311859
  ],
  "std": [
    88.69275665283203,
    89.119873046875,
    83.75119018554688,
    79.77608489990234,
    94.82347869873047,
    93.16899871826172,
    74.13838958740234,
    77.3526840209961,
    91.39956665039062,
    79.07897186279297,
    73.00898742675781,
    78.57805633544922,
    91.69906616210938,
    77.55695343017578,
    67.9333267211914,
    72.76163482666016,
    81.56111145019531,
    66.02564239501953,
    97.2398910522461,
    105.7437744140625,
    64.63348388671875
  ]
}