{
  "mean": [
    0.2993157207965851,
    0.23558776080608368,
    0.20534899830818176,
    0.15782061219215393,
    0.1900814324617386,
    0.29819121956825256,
    0.1838378757238388,
    0.21834921836853027,
    0.18124720454216003,
    0.3389882743358612,
    0.1257970780134201,
    0.3266816735267639,
    0.16181117296218872,
    0.3938985764980316,
    0.21983638405799866,
    0.1921619474887848,
    0.16686925292015076,
    0.2749728560447693,
    0.011819155886769295,
    0.20745916664600372,
    0.42091044783592224
  ],
  "std": [
    89.65414428710938,
    89.69685363769531,
    84.5856704711914,
    80.12328338623047,
    95.88131713867188,
    94.36911010742188,
    76.15811920166016,
    78.2301025390625,
    91.17759704589844,
    78.60003662109375,
    73.42362976074219,
    78.3756332397461,
    92.17501068115234,
    78.00241088867188,
    68.03245544433594,
    73.44261169433594,
    81.20677185058594,
    65.94900512695312,
    97.2176284790039,
    104.99195861816406,
    65.98616790771484
  ]
}