{
  "mean": [
    0.2679401934146881,
    0.3329630494117737,
    0.27558067440986633,
    0.2082049697637558,
    0.23365390300750732,
    0.32193344831466675,
    0.22351133823394775,
    0.29368865489959717,
    0.31419628858566284,
    0.370109885931015,
    0.21519331634044647,
    0.2623388171195984,
    0.39448070526123047,
    0.300172358751297,
    0.1794227957725525,
    0.2928192615509033,
    0.29683399200439453,
    0.22491024434566498,
    0.22837935388088226,
    0.2083013504743576,
    0.31750625371932983
  ],
  "std": [
    108.7593994140625,
    117.1978530883789,
    111.21315002441406,
    104.72404479980469,
    113.99031829833984,
    121.2218246459961,
    92.395263671875,
    100.5349349975586,
    113.02277374267578,
    109.75774383544922,
    88.30703735351562,
    95.2679672241211,
    111.52849578857422,
    97.614990234375,
    92.0019760131836,
    89.98588562011719,
    109.6478271484375,
    83.66947174072266,
    107.87750244140625,
    127.72710418701172,
    73.91016387939453
  ]
}