{
  "mean": [
    0.2838471233844757,
    0.3091786205768585,
    0.19863533973693848,
    0.2368701547384262,
    0.35986003279685974,
    0.25331053137779236,
    0.16603362560272217,
    0.2418772131204605,
    0.4081664979457855,
    0.19459152221679688,
    0.10939598828554153,
    0.24021252989768982,
    0.26850801706314087,
    0.3097285032272339,
    0.19949103891849518,
    0.16849960386753082,
    0.2508716881275177,
    0.2093513011932373,
    -0.024583233520388603,
    0.4897044599056244,
    0.3068270683288574
  ],
  "std": [
    88.10155487060547,
    88.50965881347656,
    83.6125717163086,
    79.15348052978516,
    94.17072296142578,
    92.75942993164062,
    74.15072631835938,
    77.28450012207031,
    90.52550506591797,
    78.44200134277344,
    72.42485046386719,
    77.7020263671875,
    91.01190948486328,
    76.87983703613281,
    67.26428985595703,
    71.97466278076172,
    81.51849365234375,
    65.74390411376953,
    97.35658264160156,
    105.83544158935547,
    63.88471221923828
  ]
}