{
  "mean": [
    0.07630287110805511,
    0.3177289068698883,
    0.17683206498622894,
    0.17878347635269165,
    0.2035105675458908,
    0.20425286889076233,
    0.14061367511749268,
    0.18782539665699005,
    0.13639718294143677,
    0.17720432579517365,
    0.17646603286266327,
    0.17176136374473572,
    0.1432007998228073,
    0.19669324159622192,
    0.09232466667890549,
    0.2362230122089386,
    0.2167491614818573,
    0.1732609122991562,
    0.025618718937039375,
    0.5479796528816223,
    0.11332797259092331
  ],
  "std": [
    114.60150909423828,
    124.42317199707031,
    117.91285705566406,
    111.17961883544922,
    120.32105255126953,
    130.68536376953125,
    99.9249038696289,
    106.38319396972656,
    120.27664184570312,
    119.02652740478516,
    94.56352233886719,
    102.44661712646484,
    117.6385726928711,
    103.17084503173828,
    98.51223754882812,
    96.62723541259766,
    118.3704605102539,
    89.55431365966797,
    116.35736846923828,
    136.618896484375,
    77.88216400146484
  ]
}