{
  "mean": [
    0.1246323361992836,
    0.17363400757312775,
    0.20504507422447205,
    0.25492948293685913,
    0.08323603123426437,
    0.1883435696363449,
    0.19523029029369354,
    0.28747135400772095,
    -0.023715250194072723,
    0.25053316354751587,
    0.1296827495098114,
    0.1583462506532669,
    0.04434278979897499,
    0.19571879506111145,
    0.17684721946716309,
    0.09210428595542908,
    0.2155526727437973,
    0.1991230547428131,
    0.144670769572258,
    0.4476560652256012,
    0.21610842645168304
  ],
  "std": [
    88.86412048339844,
    89.37311553955078,
    84.00408935546875,
    80.60325622558594,
    95.0108642578125,
    93.48300170898438,
    74.25074768066406,
    77.87535858154297,
    91.24156951904297,
    78.99568939208984,
    72.94120788574219,
    78.0137710571289,
    91.52271270751953,
    77.44197845458984,
    67.50321197509766,
    72.84681701660156,
    81.6431655883789,
    66.10761260986328,
    98.88676452636719,
    106.4831314086914,
    65.0587158203125
  ]
}