{
  "mean": [
    0.2665456533432007,
    0.26658234000205994,
    0.3170221745967865,
    0.23920190334320068,
    0.20719049870967865,
    0.2893124520778656,
    0.2713814377784729,
    0.31368786096572876,
    0.2267029732465744,
    0.2549818158149719,
    0.19573546946048737,
    0.22725678980350494,
    0.21979254484176636,
    0.302092969417572,
    0.1852540224790573,
    0.19069601595401764,
    0.285157710313797,
    0.22456660866737366,
    0.19020432233810425,
    0.34359973669052124,
    0.2751615345478058
  ],
  "std": [
    91.8812484741211,
    92.9416732788086,
    87.61608123779297,
    83.03858947753906,
    98.08384704589844,
    98.36137390136719,
    78.39459991455078,
    81.0627212524414,
    94.97542572021484,
    82.54717254638672,
    75.42377471923828,
    81.3661880493164,
    95.01939392089844,
    80.16654205322266,
    70.7200927734375,
    75.19183349609375,
    85.29573059082031,
    68.63569641113281,
    100.94847106933594,
    109.49466705322266,
    66.85200500488281
  ]
}