{
  "mean": [
    0.04725474491715431,
    0.24813653528690338,
    0.24674302339553833,
    0.30448272824287415,
    0.15399029850959778,
    0.1095300167798996,
    0.26576122641563416,
    0.30843406915664673,
    0.15746624767780304,
    0.2097199261188507,
    0.1950453519821167,
    0.1872774213552475,
    0.1336943805217743,
    0.19039691984653473,
    0.21355383098125458,
    0.2135033756494522,
    0.21096013486385345,
    0.2928891181945801,
    0.15605753660202026,
    0.39872846007347107,
    0.3049847185611725
  ],
  "std": [
    85.16390228271484,
    85.5854721069336,
    80.27365112304688,
    76.5562744140625,
    92.25743103027344,
    94.34336853027344,
    77.14768981933594,
    76.58173370361328,
    91.20575714111328,
    80.12345123291016,
    68.53062438964844,
    72.12338256835938,
    89.60014343261719,
    74.79287719726562,
    66.89020538330078,
    69.64336395263672,
    82.80571746826172,
    67.12081146240234,
    97.14624786376953,
    107.65219116210938,
    61.9195671081543
  ]
}