{
  "mean": [
    0.17676427960395813,
    0.19203470647335052,
    0.23114629089832306,
    0.1605769544839859,
    0.16222278773784637,
    0.13964726030826569,
    0.18958412110805511,
    0.25681576132774353,
    0.2199694663286209,
    0.21563979983329773,
    0.11847290396690369,
    0.2586115896701813,
    0.26826903223991394,
    0.27095967531204224,
    0.16066601872444153,
    0.12079139798879623,
    0.1133752167224884,
    0.21283848583698273,
    0.031028905883431435,
    0.3599359095096588,
    0.2860924303531647
  ],
  "std": [
    112.61653137207031,
    117.91797637939453,
    109.31878662109375,
    103.14639282226562,
    116.50775909423828,
    122.30138397216797,
    93.86112213134766,
    95.00617980957031,
    114.45782470703125,
    112.49808502197266,
    88.61094665527344,
    96.59950256347656,
    114.7724838256836,
    99.53121185302734,
    93.71238708496094,
    89.75654602050781,
    108.02046966552734,
    82.80769348144531,
    105.20205688476562,
    129.2757568359375,
    74.40938568115234
  ]
}