{
  "mean": [
    0.22789880633354187,
    0.3608446419239044,
    0.2571231722831726,
    0.16333851218223572,
    0.2850825786590576,
    0.23394522070884705,
    0.2611650228500366,
    0.21914397180080414,
    0.22381390631198883,
    0.23947249352931976,
    0.20406565070152283,
    0.27290821075439453,
    0.262896865606308,
    0.2655109465122223,
    0.1232629269361496,
    0.29730719327926636,
    0.20926932990550995,
    0.21208405494689941,
    0.033543579280376434,
    0.3976868987083435,
    0.32033488154411316
  ],
  "std": [
    104.05210876464844,
    111.38875579833984,
    105.75924682617188,
    99.33554077148438,
    109.8281021118164,
    115.27339935302734,
    88.83719635009766,
    95.38605499267578,
    109.18199920654297,
    104.03065490722656,
    84.66481018066406,
    90.88899993896484,
    106.59822082519531,
    92.7988510131836,
    87.95198059082031,
    85.40833282470703,
    103.45001983642578,
    80.60990142822266,
    104.52936553955078,
    123.51480865478516,
    70.95699310302734
  ]
}