{
  "mean": [
    0.3913586735725403,
    0.3050035536289215,
    0.1738547533750534,
    0.1659916341304779,
    0.3428989052772522,
    0.2600807249546051,
    0.2502603828907013,
    0.17907404899597168,
    0.23847483098506927,
    0.22972024977207184,
    0.3047633469104767,
    0.1950031816959381,
    0.2985396385192871,
    0.25811025500297546,
    0.1541881114244461,
    0.2556156516075134,
    0.24505434930324554,
    0.28528445959091187,
    0.03595671057701111,
    0.17615419626235962,
    0.3327704966068268
  ],
  "std": [
    87.544677734375,
    87.75257110595703,
    82.5316390991211,
    79.43174743652344,
    93.56610107421875,
    93.46157836914062,
    75.07156372070312,
    76.90288543701172,
    90.32963562011719,
    78.46534729003906,
    71.02567291259766,
    76.69657897949219,
    90.62242126464844,
    76.58662414550781,
    67.65232849121094,
    71.59619140625,
    80.78284454345703,
    65.05027770996094,
    96.40484619140625,
    104.39704895019531,
    63.86121368408203
  ]
}