{
  "mean": [
    0.2919105887413025,
    0.3400781750679016,
    0.2703727185726166,
    0.19958877563476562,
    0.23717807233333588,
    0.3429773151874542,
    0.23778443038463593,
    0.27555134892463684,
    0.20294497907161713,
    0.3314068615436554,
    0.28807851672172546,
    0.09928278625011444,
    0.22966408729553223,
    0.3860115706920624,
    0.1323799341917038,
    0.17627348005771637,
    0.36079350113868713,
    0.2905399799346924,
    0.04635779559612274,
    0.3896135985851288,
    0.3776170611381531
  ],
  "std": [
    104.73291778564453,
    111.5711669921875,
    106.48539733886719,
    99.86595916748047,
    110.30541229248047,
    116.5302505493164,
    89.86894989013672,
    95.88079071044922,
    109.47599792480469,
    105.152587890625,
    85.43326568603516,
    92.01850128173828,
    107.288330078125,
    93.53972625732422,
    88.13668823242188,
    85.9603042602539,
    104.30677795410156,
    80.73670959472656,
    104.34226989746094,
    123.50737762451172,
    71.12174224853516
  ]
}