{
  "mean": [
    0.12662778794765472,
    0.3918977975845337,
    0.23519279062747955,
    0.23271022737026215,
    0.2701260447502136,
    0.1831587255001068,
    0.2819959223270416,
    0.2398655265569687,
    0.2535250782966614,
    0.25019651651382446,
    0.13806048035621643,
    0.29058435559272766,
    0.30891329050064087,
    0.27445125579833984,
    0.12950000166893005,
    0.22085055708885193,
    0.262572705745697,
    0.2604004740715027,
    0.021220218390226364,
    0.4741304814815521,
    0.33607158064842224
  ],
  "std": [
    99.71050262451172,
    103.21983337402344,
    94.43018341064453,
    88.70193481445312,
    104.17129516601562,
    110.65827178955078,
    84.58116149902344,
    84.73760986328125,
    104.20965576171875,
    102.45376586914062,
    79.0980224609375,
    87.55492401123047,
    101.7106704711914,
    89.87296295166016,
    85.0287857055664,
    82.26416015625,
    100.0267333984375,
    76.93074035644531,
    93.87196350097656,
    116.35076141357422,
    66.41734313964844
  ]
}