{
  "mean": [
    0.23622795939445496,
    0.2401076853275299,
    0.24433982372283936,
    0.2811720371246338,
    0.14759427309036255,
    0.25729745626449585,
    0.26661306619644165,
    0.32273876667022705,
    0.19093254208564758,
    0.31004777550697327,
    0.19945500791072845,
    0.25768187642097473,
    0.24624018371105194,
    0.20981824398040771,
    0.1866101622581482,
    0.3210301995277405,
    0.25120410323143005,
    0.2796494662761688,
    0.10474368929862976,
    0.2652449905872345,
    0.3423275053501129
  ],
  "std": [
    104.25045013427734,
    111.2868881225586,
    106.57891082763672,
    99.56654357910156,
    109.8158950805664,
    116.00775909423828,
    89.59330749511719,
    95.7831039428711,
    109.28170776367188,
    105.28083801269531,
    85.2193374633789,
    91.53394317626953,
    106.86160278320312,
    92.94344329833984,
    88.08943176269531,
    85.98251342773438,
    104.40982818603516,
    80.54364013671875,
    105.27376556396484,
    123.56780242919922,
    71.53759765625
  ]
}