{
  "mean": [
    0.19794215261936188,
    0.3251037895679474,
    0.33530735969543457,
    0.15828776359558105,
    0.21778027713298798,
    0.22709526121616364,
    0.30396702885627747,
    0.2674858272075653,
    0.2262296974658966,
    0.27221253514289856,
    0.1626211702823639,
    0.2544828951358795,
    0.12814302742481232,
    0.35460227727890015,
    0.2332339882850647,
    0.19919276237487793,
    0.225831538438797,
    0.2541869878768921,
    0.20485946536064148,
    0.28600090742111206,
    0.2497711181640625
  ],
  "std": [
    100.0267562866211,
    104.21450805664062,
    101.0464096069336,
    98.7112045288086,
    103.6617202758789,
    98.69564819335938,
    76.1138916015625,
    92.32311248779297,
    99.2297592163086,
    84.57987976074219,
    80.97041320800781,
    88.65251922607422,
    97.71178436279297,
    84.96871185302734,
    83.16503143310547,
    81.56072998046875,
    88.48723602294922,
    74.26991271972656,
    105.41830444335938,
    120.19599914550781,
    68.02842712402344
  ]
}