{
  "mean": [
    1.379278302192688,
    -0.3208346962928772,
    -0.11379815638065338,
    0.9989197254180908,
    2.3222036361694336,
    -0.015617147088050842,
    -0.4350561499595642,
    0.056599363684654236,
    2.60867977142334,
    0.6913919448852539,
    0.5107100009918213,
    0.017057210206985474,
    3.945204973220825,
    -0.23229725658893585,
    -0.9007535576820374,
    1.0381641387939453,
    0.36707252264022827,
    -0.19124343991279602,
    -0.4937899708747864,
    2.261183261871338,
    0.35183969140052795
  ],
  "std": [
    102.66647338867188,
    109.11710357666016,
    97.20680236816406,
    97.3890151977539,
    106.65958404541016,
    114.19725036621094,
    84.2279281616211,
    91.21569061279297,
    109.22488403320312,
    104.82946014404297,
    81.37381744384766,
    100.25163269042969,
    104.57540130615234,
    87.68128204345703,
    80.32533264160156,
    90.55110168457031,
    99.35794067382812,
    67.62641906738281,
    103.72237396240234,
    123.09708404541016,
    67.86236572265625
  ]
}