{
  "mean": [
    0.13312526047229767,
    0.3654892146587372,
    0.19365674257278442,
    0.1606404185295105,
    0.08514803647994995,
    0.345072865486145,
    0.17676351964473724,
    0.2354985475540161,
    0.059521276503801346,
    0.24688808619976044,
    0.2539274990558624,
    0.14872196316719055,
    0.0845881924033165,
    0.17677831649780273,
    0.17822721600532532,
    0.26932767033576965,
    0.30720895528793335,
    0.27529892325401306,
    0.0032405368983745575,
    0.2668905258178711,
    0.3146299421787262
  ],
  "std": [
    103.06665802001953,
    105.3174057006836,
    102.88233947753906,
    95.75800323486328,
    109.36221313476562,
    101.07861328125,
    79.10344696044922,
    95.39878845214844,
    106.27030181884766,
    92.99302673339844,
    86.09979248046875,
    91.66336822509766,
    104.51070404052734,
    92.57011413574219,
    88.45722198486328,
    87.55783081054688,
    93.9161605834961,
    79.63021087646484,
    103.2222900390625,
    120.32720947265625,
    72.76750946044922
  ]
}