{
  "mean": [
    0.25786519050598145,
    0.4527134299278259,
    0.08496782183647156,
    0.1691061407327652,
    0.31697598099708557,
    0.23880858719348907,
    0.2478095293045044,
    0.15384559333324432,
    0.279125839471817,
    0.27993518114089966,
    0.17076782882213593,
    0.1485532969236374,
    0.3692789673805237,
    0.2254786491394043,
    0.1079699769616127,
    0.18356488645076752,
    0.16748811304569244,
    0.2230767458677292,
    -0.048091571778059006,
    0.4770851135253906,
    0.19302847981452942
  ],
  "std": [
    103.1296157836914,
    110.49069213867188,
    104.92098236083984,
    98.97782897949219,
    109.11953735351562,
    115.31578826904297,
    88.72384643554688,
    95.12313842773438,
    108.61243438720703,
    104.37602996826172,
    83.87044525146484,
    90.68357849121094,
    105.77922821044922,
    92.3210678100586,
    87.72371673583984,
    85.4096450805664,
    104.33232116699219,
    80.40654754638672,
    104.78657531738281,
    123.4104995727539,
    70.24839782714844
  ]
}