{
  "mean": [
    0.256720632314682,
    0.2518055737018585,
    0.20148564875125885,
    0.22650758922100067,
    0.29585468769073486,
    0.22542507946491241,
    0.2316184937953949,
    0.17770349979400635,
    0.27654269337654114,
    0.262175589799881,
    0.1784428209066391,
    0.22587257623672485,
    0.18499642610549927,
    0.339412659406662,
    0.17740945518016815,
    0.23629529774188995,
    0.24629928171634674,
    0.16915161907672882,
    0.19315972924232483,
    0.2414286881685257,
    0.28039276599884033
  ],
  "std": [
    88.60404205322266,
    88.9417724609375,
    84.10336303710938,
    80.4518814086914,
    94.71922302246094,
    94.12625122070312,
    75.12393951416016,
    78.27951049804688,
    90.9928207397461,
    78.85528564453125,
    72.29029083251953,
    77.6652603149414,
    91.4844741821289,
    77.20042419433594,
    67.5151596069336,
    71.6789321899414,
    81.5584487915039,
    65.30305480957031,
    97.7176284790039,
    106.08883666992188,
    64.25038146972656
  ]
}