{
  "mean": [
    0.24679504334926605,
    0.33900579810142517,
    0.34308263659477234,
    0.2491855025291443,
    0.20167194306850433,
    0.3054213523864746,
    0.251221626996994,
    0.41027140617370605,
    0.25789257884025574,
    0.23846042156219482,
    0.23851501941680908,
    0.2371012270450592,
    0.38421690464019775,
    0.19383487105369568,
    0.27220070362091064,
    0.1241421326994896,
    0.31681567430496216,
    0.3011179268360138,
    0.17387349903583527,
    0.3344244956970215,
    0.25389042496681213
  ],
  "std": [
    104.02532196044922,
    110.8976058959961,
    105.57453155517578,
    98.86009979248047,
    109.27368927001953,
    115.29141235351562,
    89.42558288574219,
    95.3132095336914,
    108.55941772460938,
    104.570068359375,
    84.76472473144531,
    90.89134216308594,
    106.176025390625,
    92.77005767822266,
    87.60452270507812,
    85.40868377685547,
    103.79463958740234,
    80.24456024169922,
    104.20636749267578,
    123.1549072265625,
    70.6722183227539
  ]
}