{
  "mean": [
    0.2736518681049347,
    0.18428093194961548,
    0.23409271240234375,
    0.23127660155296326,
    0.22502657771110535,
    0.23989130556583405,
    0.15947993099689484,
    0.2818745970726013,
    0.14545011520385742,
    0.23053745925426483,
    0.14148905873298645,
    0.27046263217926025,
    0.11451484262943268,
    0.29504626989364624,
    0.176829993724823,
    0.20674851536750793,
    0.28784602880477905,
    0.2810308337211609,
    0.022401215508580208,
    0.2575122117996216,
    0.3056926727294922
  ],
  "std": [
    95.71989440917969,
    97.01919555664062,
    91.94520568847656,
    87.76248168945312,
    101.33503723144531,
    103.14073181152344,
    82.13062286376953,
    85.327392578125,
    97.2925796508789,
    86.75442504882812,
    79.59571075439453,
    85.10039520263672,
    98.9992904663086,
    84.06462097167969,
    74.05709075927734,
    78.92060089111328,
    89.32984161376953,
    71.0959701538086,
    106.12332916259766,
    114.07842254638672,
    69.96863555908203
  ]
}