{
  "mean": [
    0.22869382798671722,
    0.1953320950269699,
    0.1911403238773346,
    0.24878260493278503,
    0.25932031869888306,
    0.0998917818069458,
    0.23083636164665222,
    0.25660544633865356,
    0.28756195306777954,
    0.15225684642791748,
    0.1041969433426857,
    0.23970234394073486,
    0.21267151832580566,
    0.2451660931110382,
    0.16127079725265503,
    0.16136665642261505,
    0.16240032017230988,
    0.13891547918319702,
    0.12698043882846832,
    0.4417557418346405,
    0.2103397250175476
  ],
  "std": [
    89.50985717773438,
    90.81803131103516,
    86.00479888916016,
    82.22914123535156,
    94.67613220214844,
    96.4698486328125,
    78.06002807617188,
    80.6539535522461,
    90.05648040771484,
    78.70350646972656,
    74.40180206298828,
    80.86788177490234,
    92.94124603271484,
    78.72249603271484,
    69.12720489501953,
    75.48475646972656,
    81.8390121459961,
    65.68315887451172,
    98.07479858398438,
    105.037109375,
    67.07345581054688
  ]
}