{
  "mean": [
    0.18902145326137543,
    0.31225043535232544,
    0.31307002902030945,
    0.10764943063259125,
    0.2843210697174072,
    0.17366690933704376,
    0.16889138519763947,
    0.28007787466049194,
    0.23772241175174713,
    0.14679940044879913,
    0.2115512490272522,
    0.14023298025131226,
    0.341746985912323,
    0.12392275035381317,
    0.1301012933254242,
    0.14050811529159546,
    0.1746840626001358,
    0.13537901639938354,
    0.13657915592193604,
    0.4441515803337097,
    0.27636048197746277
  ],
  "std": [
    86.30326843261719,
    82.76995849609375,
    78.35443878173828,
    75.00823211669922,
    93.42311096191406,
    80.35636138916016,
    64.20034790039062,
    75.96926879882812,
    90.36768341064453,
    73.38819885253906,
    70.31330108642578,
    75.30870819091797,
    88.4869155883789,
    75.10993957519531,
    69.2353515625,
    72.43716430664062,
    77.24205017089844,
    67.4231185913086,
    97.24642181396484,
    106.94624328613281,
    62.9294319152832
  ]
}