{
  "mean": [
    0.17522458732128143,
    0.23121050000190735,
    0.11008314788341522,
    0.11941087990999222,
    0.1339510977268219,
    0.20503149926662445,
    0.2481965273618698,
    0.043697379529476166,
    0.12161004543304443,
    0.2784343361854553,
    0.19463318586349487,
    0.14489246904850006,
    0.10616675764322281,
    0.3082493543624878,
    0.19528697431087494,
    0.11975592374801636,
    0.28655683994293213,
    0.19003526866436005,
    0.08988076448440552,
    0.23578667640686035,
    0.364188015460968
  ],
  "std": [
    88.07735443115234,
    88.69737243652344,
    83.97177124023438,
    80.010009765625,
    94.41617584228516,
    93.38733673095703,
    75.16210174560547,
    77.79609680175781,
    90.6969985961914,
    78.67550659179688,
    72.68148803710938,
    78.09862518310547,
    91.21878051757812,
    77.12956237792969,
    67.80751037597656,
    72.04322814941406,
    81.15574645996094,
    66.15262603759766,
    97.80299377441406,
    105.81487274169922,
    64.57623291015625
  ]
}