{
  "mean": [
    0.1509268581867218,
    0.24100838601589203,
    0.1978917121887207,
    0.2646481990814209,
    0.23259039223194122,
    0.21341955661773682,
    0.13586190342903137,
    0.2664654552936554,
    0.25266584753990173,
    0.14895229041576385,
    0.10103493183851242,
    0.3164612650871277,
    0.17144936323165894,
    0.2724790871143341,
    0.16302721202373505,
    0.2032729536294937,
    0.22373054921627045,
    0.13474930822849274,
    0.06082073599100113,
    0.36236315965652466,
    0.313716858625412
  ],
  "std": [
    88.92083740234375,
    86.42382049560547,
    80.13407135009766,
    75.78897094726562,
    93.8765869140625,
    92.45093536376953,
    74.1043701171875,
    72.61299133300781,
    88.56304168701172,
    77.4676513671875,
    73.28255462646484,
    77.93626403808594,
    90.99407958984375,
    77.46117401123047,
    66.46223449707031,
    71.21183013916016,
    77.48831939697266,
    63.69535827636719,
    79.1796646118164,
    87.36148071289062,
    64.48766326904297
  ]
}