{
  "mean": [
    0.3275899887084961,
    0.22143423557281494,
    0.20307955145835876,
    0.21754197776317596,
    0.36347684264183044,
    0.14337196946144104,
    0.3317983150482178,
    0.12562596797943115,
    0.3879670798778534,
    0.21935738623142242,
    0.25028523802757263,
    0.17542733252048492,
    0.3450934886932373,
    0.271905779838562,
    0.20310074090957642,
    0.20977215468883514,
    0.24752618372440338,
    0.29969486594200134,
    0.2025894671678543,
    0.24544891715049744,
    0.31768563389778137
  ],
  "std": [
    87.71440124511719,
    91.64166259765625,
    86.26496887207031,
    82.94530487060547,
    95.70660400390625,
    97.34544372558594,
    78.24974060058594,
    81.56490325927734,
    92.98888397216797,
    82.00332641601562,
    75.01380157470703,
    81.19172668457031,
    92.05433654785156,
    79.43904113769531,
    70.6668472290039,
    75.49044799804688,
    84.27106475830078,
    68.54475402832031,
    99.64093017578125,
    107.24290466308594,
    65.65550994873047
  ]
}