{
  "mean": [
    0.40874341130256653,
    0.32826974987983704,
    0.18961267173290253,
    0.33181604743003845,
    0.44804811477661133,
    0.24838986992835999,
    0.28061994910240173,
    0.2744429111480713,
    0.38117697834968567,
    0.2574900686740875,
    0.2104262411594391,
    0.20338520407676697,
    0.3104039132595062,
    0.2876041531562805,
    0.16924545168876648,
    0.2874590754508972,
    0.24342568218708038,
    0.27300745248794556,
    0.04190163314342499,
    0.4132730960845947,
    0.29230332374572754
  ],
  "std": [
    106.01988220214844,
    113.1139907836914,
    107.50587463378906,
    102.1908187866211,
    111.30262756347656,
    120.4084701538086,
    92.9251480102539,
    98.46238708496094,
    111.98394775390625,
    109.43460845947266,
    88.34072875976562,
    94.63816833496094,
    108.12071228027344,
    95.16827392578125,
    89.936279296875,
    88.42904663085938,
    108.30351257324219,
    83.36731719970703,
    99.0236587524414,
    119.6440200805664,
    72.03559112548828
  ]
}