{
  "mean": [
    0.1424633264541626,
    0.4522566497325897,
    0.2528444230556488,
    0.22151876986026764,
    0.21854965388774872,
    0.3525834083557129,
    0.17663036286830902,
    0.30996546149253845,
    0.17431782186031342,
    0.3174973428249359,
    0.19722406566143036,
    0.263194739818573,
    0.37944620847702026,
    0.2828616499900818,
    0.15349401533603668,
    0.1423836499452591,
    0.262497216463089,
    0.26561301946640015,
    0.04195936396718025,
    0.5315024852752686,
    0.2749834656715393
  ],
  "std": [
    104.56958770751953,
    108.8379898071289,
    101.43212127685547,
    95.8150863647461,
    107.71288299560547,
    114.15747833251953,
    88.23812866210938,
    88.47242736816406,
    106.01222229003906,
    103.70916748046875,
    82.79519653320312,
    88.98025512695312,
    106.09371948242188,
    92.33344268798828,
    86.14242553710938,
    82.74828338623047,
    99.91680908203125,
    76.72016143798828,
    98.3017349243164,
    119.82898712158203,
    69.8154067993164
  ]
}