{
  "mean": [
    0.2304452657699585,
    0.12687546014785767,
    0.23188546299934387,
    0.2224070429801941,
    0.08138848096132278,
    0.2701941132545471,
    0.16142119467258453,
    0.28875917196273804,
    0.14867520332336426,
    0.26288631558418274,
    0.22514376044273376,
    0.05107330158352852,
    0.14560508728027344,
    0.24687553942203522,
    0.17492075264453888,
    0.12554632127285004,
    0.24813146889209747,
    0.16965994238853455,
    0.1882544755935669,
    0.19564718008041382,
    0.28216320276260376
  ],
  "std": [
    103.49427795410156,
    110.89398193359375,
    105.63629150390625,
    99.44273376464844,
    108.88453674316406,
    115.37406158447266,
    89.48587036132812,
    95.17439270019531,
    108.09282684326172,
    103.84903717041016,
    84.26712036132812,
    90.10747528076172,
    105.6991195678711,
    92.24163055419922,
    87.310302734375,
    84.86296081542969,
    102.91920471191406,
    80.41706085205078,
    104.01160430908203,
    122.8094482421875,
    70.42731475830078
  ]
}