{
  "mean": [
    0.2567395567893982,
    0.38513174653053284,
    0.2473718523979187,
    0.24653875827789307,
    0.20893363654613495,
    0.33882397413253784,
    0.3147243559360504,
    0.2639383375644684,
    0.16349244117736816,
    0.34591519832611084,
    0.26795023679733276,
    0.15040133893489838,
    0.24170491099357605,
    0.3474484384059906,
    0.1645950824022293,
    0.17018961906433105,
    0.2809923589229584,
    0.3151615560054779,
    0.06575997918844223,
    0.349060982465744,
    0.35860681533813477
  ],
  "std": [
    88.3509750366211,
    88.56613159179688,
    83.70586395263672,
    80.1417465209961,
    94.2957534790039,
    93.3493881225586,
    75.22013092041016,
    78.52934265136719,
    91.3842544555664,
    78.32754516601562,
    72.68939971923828,
    77.71221923828125,
    91.23785400390625,
    76.83287048339844,
    67.72563934326172,
    71.49078369140625,
    81.06122589111328,
    65.75608825683594,
    95.7089614868164,
    104.08588409423828,
    63.957237243652344
  ]
}