{
  "mean": [
    0.27226752042770386,
    0.22141437232494354,
    0.32179588079452515,
    0.1438673883676529,
    0.2470509558916092,
    0.22225110232830048,
    0.33156198263168335,
    0.14967435598373413,
    0.209931880235672,
    0.31258583068847656,
    0.1607687920331955,
    0.26416170597076416,
    0.23369286954402924,
    0.3810678720474243,
    0.1227186918258667,
    0.21334218978881836,
    0.3405085504055023,
    0.13572289049625397,
    0.131682887673378,
    0.30517008900642395,
    0.3878929615020752
  ],
  "std": [
    104.16032409667969,
    111.67710876464844,
    106.38256072998047,
    100.00028228759766,
    109.64573669433594,
    116.21134185791016,
    88.29017639160156,
    95.53508758544922,
    109.15188598632812,
    105.345947265625,
    84.83638000488281,
    91.62464904785156,
    106.60164642333984,
    93.26026916503906,
    87.96453857421875,
    86.06742095947266,
    104.92279815673828,
    80.68059539794922,
    103.63291931152344,
    122.97425079345703,
    70.97449493408203
  ]
}