{
  "mean": [
    0.34637904167175293,
    0.3088598847389221,
    0.28811994194984436,
    0.16005609929561615,
    0.29448190331459045,
    0.41473788022994995,
    0.1401170939207077,
    0.2454732358455658,
    0.2891749441623688,
    0.36404767632484436,
    0.3119142949581146,
    0.18500107526779175,
    0.35291409492492676,
    0.3615649342536926,
    0.29594558477401733,
    0.14212656021118164,
    0.32728442549705505,
    0.2300441712141037,
    0.1070345863699913,
    0.3966451585292816,
    0.21846066415309906
  ],
  "std": [
    104.32821655273438,
    111.65584564208984,
    106.28509521484375,
    100.31806182861328,
    110.07162475585938,
    116.57350158691406,
    89.7981948852539,
    96.5701675415039,
    109.33824920654297,
    105.2525405883789,
    85.0771255493164,
    91.57585906982422,
    106.63388061523438,
    93.31843566894531,
    88.28543090820312,
    86.51432037353516,
    104.87860870361328,
    80.61321258544922,
    105.48548126220703,
    124.07969665527344,
    71.4545669555664
  ]
}