{
  "mean": [
    0.29152727127075195,
    0.23487265408039093,
    0.2192896008491516,
    0.2587791383266449,
    0.2885262072086334,
    0.29974794387817383,
    0.1952393501996994,
    0.2127758264541626,
    0.18676172196865082,
    0.3940441310405731,
    0.16991278529167175,
    0.1925826370716095,
    0.16975460946559906,
    0.5391216278076172,
    0.0768289789557457,
    0.1597534418106079,
    0.24257168173789978,
    0.30984124541282654,
    0.14800827205181122,
    0.29727503657341003,
    0.428018182516098
  ],
  "std": [
    104.34650421142578,
    111.4155502319336,
    106.16322326660156,
    99.46719360351562,
    109.74980163574219,
    115.9187240600586,
    89.49530792236328,
    95.70555114746094,
    109.2892074584961,
    104.58807373046875,
    84.95317077636719,
    91.27545166015625,
    106.90394592285156,
    93.30240631103516,
    88.20030212402344,
    85.7715072631836,
    103.96743774414062,
    80.80476379394531,
    104.95808410644531,
    123.62918853759766,
    71.30030822753906
  ]
}