{
  "mean": [
    0.10371964424848557,
    0.35461288690567017,
    0.32212045788764954,
    0.20084752142429352,
    0.18632037937641144,
    0.30041760206222534,
    0.23863661289215088,
    0.24874548614025116,
    0.33292704820632935,
    0.14107148349285126,
    0.2654968202114105,
    0.164476215839386,
    0.3344545066356659,
    0.19216234982013702,
    0.19819879531860352,
    0.17564836144447327,
    0.30098995566368103,
    0.16421303153038025,
    -0.034805599600076675,
    0.5199686884880066,
    0.2865966260433197
  ],
  "std": [
    87.9458999633789,
    88.25540161132812,
    83.13218688964844,
    79.4171371459961,
    94.08635711669922,
    93.01770782470703,
    74.77481842041016,
    77.29678344726562,
    90.40058135986328,
    78.2238540649414,
    72.2320556640625,
    76.93921661376953,
    90.65982055664062,
    76.5053482055664,
    66.87163543701172,
    71.89836120605469,
    80.44669342041016,
    65.4455337524414,
    97.13206481933594,
    105.00627136230469,
    64.16912841796875
  ]
}