{
  "mean": [
    0.34558889269828796,
    0.22580741345882416,
    0.26819226145744324,
    0.3035430610179901,
    0.2542804181575775,
    0.25190600752830505,
    0.3307419717311859,
    0.30592381954193115,
    0.32897716760635376,
    0.28251758217811584,
    0.2779819369316101,
    0.24478498101234436,
    0.3483521044254303,
    0.3230800926685333,
    0.2246495932340622,
    0.2345815747976303,
    0.27196651697158813,
    0.34761640429496765,
    0.007275359705090523,
    0.5177123546600342,
    0.2611922025680542
  ],
  "std": [
    89.25250244140625,
    89.92242431640625,
    83.8404312133789,
    82.10311126708984,
    94.96417236328125,
    94.44805908203125,
    74.64374542236328,
    79.32801818847656,
    91.0699234008789,
    79.09375762939453,
    72.03407287597656,
    75.69912719726562,
    91.1095199584961,
    76.09089660644531,
    66.15670013427734,
    70.6327896118164,
    82.00531005859375,
    66.25263214111328,
    98.14498901367188,
    105.50051879882812,
    64.00519561767578
  ]
}