{
  "mean": [
    0.2654864192008972,
    0.35017576813697815,
    0.17608380317687988,
    0.3040689527988434,
    0.3462918698787689,
    0.29209280014038086,
    0.15859100222587585,
    0.28678271174430847,
    0.25648200511932373,
    0.25310125946998596,
    0.11172333359718323,
    0.3100915253162384,
    0.33757975697517395,
    0.16945481300354004,
    0.16601257026195526,
    0.2629739046096802,
    0.2741547226905823,
    0.20449590682983398,
    -0.007772922981530428,
    0.6627824902534485,
    0.17333044111728668
  ],
  "std": [
    105.61184692382812,
    114.04011535644531,
    108.0892105102539,
    101.85197448730469,
    111.09063720703125,
    118.2793197631836,
    91.14021301269531,
    97.5279312133789,
    109.5681381225586,
    106.7502212524414,
    88.09004211425781,
    93.90414428710938,
    108.13353729248047,
    95.03016662597656,
    89.8133316040039,
    88.59112548828125,
    105.8550796508789,
    81.30736541748047,
    106.48922729492188,
    124.32708740234375,
    73.01091003417969
  ]
}