{
  "mean": [
    0.16762681305408478,
    0.4352964758872986,
    0.17422419786453247,
    0.21302932500839233,
    0.2899032235145569,
    0.19869157671928406,
    0.2756238579750061,
    0.22075611352920532,
    0.32956182956695557,
    0.2959842085838318,
    0.2114057093858719,
    0.09974543750286102,
    0.4164385497570038,
    0.25682464241981506,
    0.0710141733288765,
    0.19566723704338074,
    0.2814375162124634,
    0.19291312992572784,
    -0.046790290623903275,
    0.5073807239532471,
    0.3433881103992462
  ],
  "std": [
    104.05667877197266,
    111.18482208251953,
    105.36019897460938,
    98.49650573730469,
    110.03825378417969,
    115.11054229736328,
    88.67127990722656,
    95.50834655761719,
    109.75643157958984,
    105.28700256347656,
    85.4681396484375,
    91.27043151855469,
    106.8707275390625,
    93.30683135986328,
    88.43256378173828,
    86.05049133300781,
    104.15277099609375,
    80.65365600585938,
    104.79548645019531,
    123.66060638427734,
    71.23345184326172
  ]
}