{
  "mean": [
    0.131653293967247,
    0.4187684655189514,
    0.35258927941322327,
    0.09437677264213562,
    0.3202950656414032,
    0.21038590371608734,
    0.2704014480113983,
    0.18655242025852203,
    0.33405622839927673,
    0.1816301941871643,
    0.11750094592571259,
    0.19609397649765015,
    0.3295550048351288,
    0.15851055085659027,
    0.15165366232395172,
    0.19362322986125946,
    0.20772579312324524,
    0.23776835203170776,
    -0.037946876138448715,
    0.5328977108001709,
    0.25555112957954407
  ],
  "std": [
    104.72465515136719,
    111.95992279052734,
    106.44025421142578,
    100.06048583984375,
    110.13587951660156,
    116.6301498413086,
    89.12582397460938,
    96.286376953125,
    109.76873016357422,
    106.13567352294922,
    85.64734649658203,
    92.41718292236328,
    107.62114715576172,
    93.87312316894531,
    88.60627746582031,
    86.54940032958984,
    105.18771362304688,
    80.95481872558594,
    105.0769271850586,
    124.44876098632812,
    71.62726593017578
  ]
}