label,class_label,n_windows,ratio
normal,0,485233,0.8484503545169215
seizure,1,86672,0.15154964548307848
