{
  "mean": [
    0.22644852101802826,
    0.3854421377182007,
    0.34189358353614807,
    0.25560063123703003,
    0.31780022382736206,
    0.23064793646335602,
    0.23220117390155792,
    0.41166573762893677,
    0.3025296628475189,
    0.3626508414745331,
    0.2672063708305359,
    0.11719217896461487,
    0.4632395803928375,
    0.20774391293525696,
    0.20477323234081268,
    0.18208631873130798,
    0.33451491594314575,
    0.283799409866333,
    0.25554215908050537,
    0.3309665620326996,
    0.2682979702949524
  ],
  "std": [
    102.00776672363281,
    103.12525177001953,
    100.4121322631836,
    93.43304443359375,
    108.0483627319336,
    101.53175354003906,
    80.10822296142578,
    93.85626983642578,
    106.40499877929688,
    93.8681411743164,
    84.18494415283203,
    89.73831176757812,
    102.9889144897461,
    91.11221313476562,
    89.35625457763672,
    86.08263397216797,
    95.37982177734375,
    81.55147552490234,
    101.14105224609375,
    120.43045043945312,
    70.81044006347656
  ]
}