{
  "mean": [
    0.17509989440441132,
    0.42436933517456055,
    0.2593139708042145,
    0.2334885150194168,
    0.26783978939056396,
    0.23927143216133118,
    0.23556984961032867,
    0.3466831147670746,
    0.31741079688072205,
    0.19260163605213165,
    0.22761960327625275,
    0.1868228167295456,
    0.2655787467956543,
    0.24607433378696442,
    0.12319469451904297,
    0.28499650955200195,
    0.3472747206687927,
    0.2631571590900421,
    -0.03385699912905693,
    0.43391770124435425,
    0.27810171246528625
  ],
  "std": [
    87.4222183227539,
    83.8438491821289,
    79.3458251953125,
    74.49372863769531,
    89.39527130126953,
    89.05262756347656,
    72.23628234863281,
    69.70024108886719,
    85.65584564208984,
    73.96356201171875,
    66.93341064453125,
    72.00322723388672,
    88.64488220214844,
    73.85163879394531,
    64.00733184814453,
    65.17777252197266,
    73.02354431152344,
    58.5378532409668,
    89.00486755371094,
    100.22542572021484,
    61.35787582397461
  ]
}