{
  "mean": [
    0.4133862853050232,
    0.3196231722831726,
    0.220737487077713,
    0.1665889173746109,
    0.36710184812545776,
    0.3195362389087677,
    0.140520840883255,
    0.27597498893737793,
    0.41777196526527405,
    0.22027848660945892,
    0.121619813144207,
    0.27758002281188965,
    0.39219221472740173,
    0.2592329978942871,
    0.14099842309951782,
    0.24569158256053925,
    0.25917041301727295,
    0.3180040717124939,
    -0.014757894910871983,
    0.41567379236221313,
    0.3193560838699341
  ],
  "std": [
    91.43931579589844,
    93.36956024169922,
    87.42835235595703,
    83.55621337890625,
    96.86770629882812,
    98.26559448242188,
    77.90352630615234,
    81.30391693115234,
    92.73341369628906,
    81.56227111816406,
    74.68793487548828,
    80.379638671875,
    95.04181671142578,
    80.45295715332031,
    69.94529724121094,
    75.2187728881836,
    84.38568115234375,
    66.47952270507812,
    98.46955871582031,
    105.96208953857422,
    67.25786590576172
  ]
}