{
  "mean": [
    0.18407216668128967,
    0.3900573253631592,
    0.15649893879890442,
    0.22525113821029663,
    0.21914924681186676,
    0.21006479859352112,
    0.2784510850906372,
    0.2370586097240448,
    0.3739522099494934,
    0.12755823135375977,
    0.11883152276277542,
    0.2774798572063446,
    0.17944234609603882,
    0.324078232049942,
    0.16394157707691193,
    0.22376219928264618,
    0.2600482106208801,
    0.16442541778087616,
    0.04950361326336861,
    0.29649248719215393,
    0.26798585057258606
  ],
  "std": [
    88.4361572265625,
    88.57966613769531,
    82.72742462158203,
    78.25660705566406,
    93.6951904296875,
    92.31709289550781,
    74.41963195800781,
    74.54365539550781,
    89.33126068115234,
    78.32738494873047,
    73.17247009277344,
    77.69366455078125,
    91.35527801513672,
    77.3602066040039,
    67.173095703125,
    71.05255126953125,
    78.13060760498047,
    64.78862762451172,
    92.8562240600586,
    98.87760162353516,
    65.34266662597656
  ]
}